INSERT INTO Plataforma VALUES ('PLAYSTATION','1','COMUM');
INSERT INTO Plataforma VALUES ('PLAYSTATION','2','COMUM');
INSERT INTO Plataforma VALUES ('PLAYSTATION','3','COMUM');
INSERT INTO Plataforma VALUES ('GAME BOY','COLOR','PORTATIL');
INSERT INTO Plataforma VALUES ('GAME BOY','ADVANCE','PORTATIL');
INSERT INTO Plataforma VALUES ('PLAYSTATION','VITA','PORTATIL');
INSERT INTO Plataforma VALUES ('XBOX','360','COMUM');
INSERT INTO Plataforma VALUES ('XBOX','ONE','COMUM');
INSERT INTO Plataforma VALUES ('PLAYSTATION','PORTATIL','PORTATIL');
INSERT INTO Plataforma VALUES ('NINTENDO','SUPER','COMUM');
INSERT INTO Plataforma VALUES ('NINTENDO','64','COMUM');
INSERT INTO Plataforma VALUES ('NINTENDO','WII','COMUM');

INSERT INTO Console VALUES ('PLAYSTATION','2',1);
INSERT INTO Console VALUES ('PLAYSTATION','2',2);
INSERT INTO Console VALUES ('PLAYSTATION','2',3);
INSERT INTO Console VALUES ('PLAYSTATION','PORTATIL',1);
INSERT INTO Console VALUES ('PLAYSTATION','PORTATIL',3);
INSERT INTO Console VALUES ('GAME BOY','COLOR',1);
INSERT INTO Console VALUES ('GAME BOY','COLOR',2);
INSERT INTO Console VALUES ('GAME BOY','COLOR',3);
INSERT INTO Console VALUES ('GAME BOY','COLOR',4);
INSERT INTO Console VALUES ('GAME BOY','ADVANCE',1);
INSERT INTO Console VALUES ('GAME BOY','ADVANCE',2);
INSERT INTO Console VALUES ('PLAYSTATION','VITA',1);
INSERT INTO Console VALUES ('PLAYSTATION','VITA',2);
INSERT INTO Console VALUES ('PLAYSTATION','VITA',3);
INSERT INTO Console VALUES ('PLAYSTATION','1',1);
INSERT INTO Console VALUES ('XBOX','360',1);
INSERT INTO Console VALUES ('XBOX','ONE',1);
INSERT INTO Console VALUES ('XBOX','ONE',3);
INSERT INTO Console VALUES ('XBOX','ONE',2);
INSERT INTO Console VALUES ('NINTENDO','SUPER',1);
INSERT INTO Console VALUES ('NINTENDO','SUPER',2);
INSERT INTO Console VALUES ('NINTENDO','SUPER',3);
INSERT INTO Console VALUES ('NINTENDO','SUPER',4);
INSERT INTO Console VALUES ('NINTENDO','SUPER',5);
INSERT INTO Console VALUES ('NINTENDO','64',1);
INSERT INTO Console VALUES ('NINTENDO','64',2);
INSERT INTO Console VALUES ('NINTENDO','64',3);
INSERT INTO Console VALUES ('NINTENDO','WII',1);
-- sem insercao plataforma playstation 3 (manter assim)

INSERT INTO Produto VALUES ('FIFA 14','JOGO');
INSERT INTO Produto VALUES ('FINAL FANTASY VII','JOGO');
INSERT INTO Produto VALUES ('F1 2013','JOGO');
INSERT INTO Produto VALUES ('TOMB RAIDER','JOGO');
INSERT INTO Produto VALUES ('SUPER MARIO BROS','JOGO');
INSERT INTO Produto VALUES ('NEED FOR SPEED: MOST WANTED','JOGO');
INSERT INTO Produto VALUES ('MEGAMAN X 7','JOGO');
INSERT INTO Produto VALUES ('DEVIL MAY CRY','JOGO');
INSERT INTO Produto VALUES ('STREET FIGHTER X TEKKEN','JOGO');
INSERT INTO Produto VALUES ('FINAL FANTASY X','JOGO');
INSERT INTO Produto VALUES ('KINGDOM HEARTS 2','JOGO');
INSERT INTO Produto VALUES ('CASTLEVANIA: ARIA OF SORROW','JOGO');
INSERT INTO Produto VALUES ('THE LEGEND OF ZELDA: A LINK TO THE PAST','JOGO');
INSERT INTO Produto VALUES ('THE LEGEND OF ZELDA: THE MINISH CAP','JOGO');
INSERT INTO Produto VALUES ('POKEMON RUBY','JOGO');
INSERT INTO Produto VALUES ('SONIC ADVANCE','JOGO');
INSERT INTO Produto VALUES ('FINAL FANTASY TACTICS ADVANCE','JOGO');
INSERT INTO Produto VALUES ('MARIO KART: SUPER CIRCUIT','JOGO');
INSERT INTO Produto VALUES ('MEGA MAN ZERO','JOGO');
INSERT INTO Produto VALUES ('SUPER MARIO WORLD','JOGO');
INSERT INTO Produto VALUES ('THE LAST OF US','JOGO');
INSERT INTO Produto VALUES ('CHRONO CROSS','JOGO');
INSERT INTO Produto VALUES ('CHRONO TRIGGER','JOGO');
INSERT INTO Produto VALUES ('DONKEY KONG COUNTRY','JOGO');
INSERT INTO Produto VALUES ('X-MEN: MUTANT APOCALYPSE','JOGO');
INSERT INTO Produto VALUES ('POKEMON RED','JOGO');
INSERT INTO Produto VALUES ('CONTRA III','JOGO');
INSERT INTO Produto VALUES ('THE LEGEND OF ZELDA: OCARINA OF TIME','JOGO');
INSERT INTO Produto VALUES ('SUPER MARIO 64','JOGO');
INSERT INTO Produto VALUES ('BANJO KAZOOIE','JOGO');
INSERT INTO Produto VALUES ('SPACE STATION SILICON VALLEY','JOGO');
INSERT INTO Produto VALUES ('DONKEY KONG 64','JOGO');
INSERT INTO Produto VALUES ('METROID PRIME TRILOGY','JOGO');
INSERT INTO Produto VALUES ('SUPER MARIO GALAXY','JOGO');

INSERT INTO Produto VALUES ('LIONEL MESSI','CONTEUDO');
INSERT INTO Produto VALUES ('PACOTE OURO','CONTEUDO');
INSERT INTO Produto VALUES ('SEPHIROTH','CONTEUDO');
INSERT INTO Produto VALUES ('STREET FIGHTER X TEKKEN EXPANSION PACK','CONTEUDO');
INSERT INTO Produto VALUES ('SORA KEYS'	,'CONTEUDO');
INSERT INTO Produto VALUES ('CHRONO CROSS EXPANSION PACK','CONTEUDO');
INSERT INTO Produto VALUES ('CHRONO TRIGGER EXPANSION PACK','CONTEUDO');
INSERT INTO Produto VALUES ('SUPER MARIO GALAXY EXPANSION PACK','CONTEUDO');

INSERT INTO Jogo VALUES ('FIFA 14'								,129.99,	0,	'PADRAO', 	TO_DATE('26/10/2013','DD/MM/YYYY'),'FIFA 14 é um jogo eletrônico de simulação de futebol desenvolvido pela EA Sports e publicado pela Electronic Arts.');
INSERT INTO Jogo VALUES ('FINAL FANTASY VII'					,29.90,		14,	'PADRAO',	TO_DATE('12/07/1999','DD/MM/YYYY'),'Final Fantasy VII é um role-playing game (jogo de interpretação de papéis) produzido pela Square (actual Square Enix) e distribuído pela Sony Computer Entertainment como o sétimo título da série Final Fantasy.');
INSERT INTO Jogo VALUES ('F1 2013'								,100.00,	0,	'PADRAO',	TO_DATE('23/12/2012','DD/MM/YYYY'),'F1 2013 é um jogo eletrônico de corrida baseado na Temporada de Fórmula 1 de 2013.');
INSERT INTO Jogo VALUES ('TOMB RAIDER'							,79.90,		16,	'PADRAO',	TO_DATE('01/02/2010','DD/MM/YYYY'),'A história decorre em Yamatai, uma ilha onde a protagonista e os seus amigos naufragaram. Lara tem de salvá-los e escapar de um culto maligno, além de ter de lutar contra os perigos naturais da ilha.');
INSERT INTO Jogo VALUES ('SUPER MARIO BROS'						,19.90,		0,	'PADRAO',	TO_DATE('19/07/1992','DD/MM/YYYY'),'Um encanador chamado Mario decide que irá salvar a princesa e assim libertar todos os habitantes do reino dos Cogumelos que foi invadido pelos Koopas, uma tribo de tartarugas famosas pelo uso de magia negra.');
INSERT INTO Jogo VALUES ('NEED FOR SPEED: MOST WANTED'			,49.90,		12,	'PREMIO',	TO_DATE('11/11/2005','DD/MM/YYYY'),'Need for Speed: Most Wanted (NFSMW) é um jogo eletrônico da série Need For Speed, o nono jogo da franquia lançada pela Electronic Arts, em novembro de 2005. O objetivo do jogo é fugir da polícia para subir na "Lista negra dos procurados".');
INSERT INTO Jogo VALUES ('MEGAMAN X 7'							,19.90,		0,	'PADRAO',	TO_DATE('13/07/2006','DD/MM/YYYY'),'Mega Man X7 é o sétimo jogo da franquia Mega Man X, e o primeiro a apresentar visão em 3D.');
INSERT INTO Jogo VALUES ('DEVIL MAY CRY'						,59.90,		16, 'PREMIO',	TO_DATE('23/08/2001','DD/MM/YYYY'),'Devil May Cry decorre nos tempos modernos na cidade fictícia de Mallet Island, com a história a centrar-se nos personagens Dante e Trish na sua busca para confrontar o demónio lorde Mundus.');
INSERT INTO Jogo VALUES ('STREET FIGHTER X TEKKEN'				,86.90,		0,	'PADRAO',	TO_DATE('06/03/2012','DD/MM/YYYY'),'Na Antártica, um objeto desconhecido em formato de caixa se choca em seu solo, chamado Pandora. Estudiosos analisaram sua substância e descobriram que a energia libera um poder sem limites durante um conflito físico ou emocional.');
INSERT INTO Jogo VALUES ('FINAL FANTASY X'						,45.00,		14,	'PADRAO',	TO_DATE('19/07/2001','DD/MM/YYYY'),'Final Fantasy é o décimo título da série Final Fantasy. Desenvolve-se no mundo fictional de Spira e centra-se num grupo de aventureiros com a missão de derrotar Sin, um monstro errante com uma força sobrenatural.');
INSERT INTO Jogo VALUES ('KINGDOM HEARTS 2'						,60.00,		0,	'PADRAO',	TO_DATE('22/12/2005','DD/MM/YYYY'),'A história passa-se um ano depois de KHCM, onde Sora e seus amigos, atraídos por um homem de capuz entram em um castelo chamado Castle Oblivion onde perdem gradualmente sua memória devido ao misterioso poder de uma nobody chamada Naminé.');
INSERT INTO Jogo VALUES ('CASTLEVANIA: ARIA OF SORROW'			,19.90,		0,	'PADRAO',	TO_DATE('26/04/1997','DD/MM/YYYY'),'Sua história se passa no universo fictício da série Castlevania, onde é retratada a luta entre os caçadores de vampiro do clã Belmont e o lorde vampiro Dracula.');
INSERT INTO Jogo VALUES ('THE LEGEND OF ZELDA: A LINK TO THE PAST',19.90,	0,	'PADRAO',	TO_DATE('11/04/1997','DD/MM/YYYY'),'A Link to the Past se passa antes do jogo original, com ancestrais de Link e Zelda.');
INSERT INTO Jogo VALUES ('THE LEGEND OF ZELDA: THE MINISH CAP'	,29.90,		0,	'PADRAO',	TO_DATE('25/06/2003','DD/MM/YYYY'),'Nessa aventura a peça-chave é o item descrito no subtítulo. Ezlo, o minish cap vem a ser um chapéu que diminui o tamanho de Link e, assim, ele pode atravessar locais que seria impossível em seu tamanho normal.');
INSERT INTO Jogo VALUES ('POKEMON RUBY'							,39.90,		0,	'PADRAO',	TO_DATE('16/06/2007','DD/MM/YYYY'),'Pokémon Ruby é um videogame que correspondem a terceira geração da série Pokémon. Desenvolvidos pela Game Freak e publicados pela Nintendo para Game Boy Advance.');
INSERT INTO Jogo VALUES ('SONIC ADVANCE'						,49.90,		0,	'PADRAO',	TO_DATE('23/01/1999','DD/MM/YYYY'),'Dr. Eggman ainda não desistiu. Ele ainda está atrás das 7 esmeraldas do Chaos. Para isso, robotizou os animais e mandou seus robôs por todo lugar. Agora, Sonic, Tails, Knuckles e Amy têm que impedir o mais novo plano.');
INSERT INTO Jogo VALUES ('FINAL FANTASY TACTICS ADVANCE'		,19.90,		0,	'PADRAO',	TO_DATE('16/04/2005','DD/MM/YYYY'),'A história começa com um garoto chamado Marche, que se mudou para a cidade de St. Ivalice. Um dia, na sua nova escola, ele participa de uma luta de bola de neve. Conhecendo assim, Ritz e Mewt...');
INSERT INTO Jogo VALUES ('MARIO KART: SUPER CIRCUIT'			,19.90,		0,	'PADRAO',	TO_DATE('14/02/2004','DD/MM/YYYY'),'E um jogo eletrônico de corrida desenvolvido e publicado pela Nintendo para o Game Boy Advance em 2001. É o terceiro jogo da série Mario Kart e o primeiro a ser lançado a ser lançado para um console portátil.');
INSERT INTO Jogo VALUES ('MEGA MAN ZERO'						,9.90,		0,	'PADRAO',	TO_DATE('06/06/1999','DD/MM/YYYY'),'Zero é acordado aproximadamente 100 anos após a Série X pela cientista Ciel, e se vê em um mundo completamete diferente. Contando com uma tecnologia muito superior de sua época, humanos vivem pacificamente em "Neo Arcadia"...');
INSERT INTO Jogo VALUES ('SUPER MARIO WORLD'					,9.90,		0,	'PADRAO',	TO_DATE('29/10/1998','DD/MM/YYYY'),'Super Mario World é um jogo de plataforma desenvolvido e publicado pela Nintendo como um título que acompanhava o console Super Nintendo Entertainment System (SNES).');
INSERT INTO Jogo VALUES ('THE LAST OF US'						,109.90,	0,	'PADRAO',	TO_DATE('10/06/2009','DD/MM/YYYY'),'The Last of Us, ou pela abreviação TLOU, é um jogo eletrónico em terceira pessoa de survival horror/aventura/acção. Foi desenvolvido pela Naughty Dog, e lançado mundialmente no dia 14 de Junho de 2013 para PlayStation 3.');
INSERT INTO Jogo VALUES ('CHRONO CROSS'							,49.90,		0,	'PADRAO',	TO_DATE('04/06/2010','DD/MM/YYYY'),'A história de C. Cross é focada no adolescente chamado Serge e na temática de mundos paralelos. De cara com uma realidade alternativa na qual morreu ainda criança, Serge parte em busca da verdade em torno da divergência entre os mundos.');
INSERT INTO Jogo VALUES ('CHRONO TRIGGER'						,19.90,		0,	'PADRAO',	TO_DATE('19/08/2001','DD/MM/YYYY'),'Chrono Trigger (クロノ・トリガ, Kurono Toriga?) é um jogo de RPG eletrônico. Foi lançado para o console Super Nintendo no Japão em março de 1995, e uma versão aprimorada para PlayStation foi lançada em novembro de 1999.');
INSERT INTO Jogo VALUES ('DONKEY KONG COUNTRY'					,39.90,		0,	'PADRAO',	TO_DATE('24/10/1998','DD/MM/YYYY'),'Donkey Kong Country é um jogo de plataforma em 2D desenvolvido pela Rare, estrelando o personagem Donkey Kong. O jogo foi lançado no Super Nintendo Entertainment System em 1994.');
INSERT INTO Jogo VALUES ('X-MEN: MUTANT APOCALYPSE'				,9.90,		0,	'PADRAO',	TO_DATE('31/12/2012','DD/MM/YYYY'),'X-Men: Mutant Apocalypse é um jogo de ação produzido pela Capcom e inspirado nos quadrinhos dos X-Men.');
INSERT INTO Jogo VALUES ('POKEMON RED'							,9.90,		0,	'PADRAO',	TO_DATE('30/11/2011','DD/MM/YYYY'),'A história se passa no continente de Kanto, um lugar onde existem criaturas exóticas conhecidas como Pokémon. O protagonista vai iniciar sua jornada Pokémon na Cidade de Pallet e viajar por Kanto para se tornar um mestre Pokémon.');
INSERT INTO Jogo VALUES ('CONTRA III'							,9.90,		12,	'PADRAO',	TO_DATE('26/04/2007','DD/MM/YYYY'),'O jogo se passa em 2636, dois anos depois dos acontecimentos de Super Contra. Os protagonistas Bill Rizer e Lance Bean são chamados mais uma vez, contra uma invasão alienígena. ');
INSERT INTO Jogo VALUES ('THE LEGEND OF ZELDA: OCARINA OF TIME'	,9.90,		0,	'PADRAO',	TO_DATE('15/01/2002','DD/MM/YYYY'),'O jogador controla o heroi característico da série, Link, na terra de Hyrule. Link é enviado numa aventura para impedir Ganondorf, Rei da tribo dos Gerudo, de obter a Triforce, uma relíquia sagrada que garante os desejos de seu portador.');
INSERT INTO Jogo VALUES ('SUPER MARIO 64'						,39.90,		0,	'PADRAO',	TO_DATE('08/08/2006','DD/MM/YYYY'),'Super Mario 64 foi um dos primeiros jogos do Nintendo 64 e o carro-chefe do console, impulsionando a venda do videogame.');
INSERT INTO Jogo VALUES ('BANJO KAZOOIE'						,209.90,		0,	'PADRAO',	TO_DATE('01/05/2002','DD/MM/YYYY'),'No jogo você toma controle de um urso que tem um pássaro em sua mochila que está em busca de sua irmã que foi raptada por uma bruxa.');
INSERT INTO Jogo VALUES ('SPACE STATION SILICON VALLEY'			,29.90,		0,	'PADRAO',	TO_DATE('26/06/2007','DD/MM/YYYY'),'Na aventura você é um chip que controla robôs em forma de animais ao invés de carros e caminhões.');
INSERT INTO Jogo VALUES ('DONKEY KONG 64'						,49.90,		0,	'PADRAO',	TO_DATE('13/04/2001','DD/MM/YYYY'),'Donkey Kong 64 é um jogo da série Donkey Kong para o sistema Nintendo 64. Neste jogo temos o retorno de Donkey Kong (só disponível no primeiro Donkey Kong Country) e Diddy Kong contando com a participação de mais 3 personagens totalmente novos.');
INSERT INTO Jogo VALUES ('METROID PRIME TRILOGY'				,109.90,		0,	'PADRAO',	TO_DATE('10/05/2014','DD/MM/YYYY'),'Metroid Prime: Trilogy é uma compilação de jogos eletrônicos da série Metroid produzida pela Retro Studios e lançada em 2009 para o console Nintendo Wii.');
INSERT INTO Jogo VALUES ('SUPER MARIO GALAXY'					,209.90,		0,	'PADRAO',	TO_DATE('10/05/2014','DD/MM/YYYY'),'Super Mario Galaxy é um jogo de plataforma 3D desenvolvido pela Nintendo EAD Tóquio e publicado pela Nintendo para o Wii. Lançado em 2007, é o terceiro jogo de plataformas em 3D na série, antecedido por Super Mario 64 e Super Mario Sunshine.');

INSERT INTO Conteudo VALUES ('LIONEL MESSI'								,9.90,	0,'Jogador Lionel Messi'					,'FIFA 14');
INSERT INTO Conteudo VALUES ('PACOTE OURO'								,69.90,	0,'Pacote de 11 jogadores nível OURO'		,'FIFA 14');
INSERT INTO Conteudo VALUES ('SEPHIROTH'								,9.90, 14,'Sephiroth jogavel Lionel Messi'			,'FINAL FANTASY VII');
INSERT INTO Conteudo VALUES ('STREET FIGHTER X TEKKEN EXPANSION PACK'	,9.90,	0,'Pacote de expansao com mais personagens'	,'STREET FIGHTER X TEKKEN');
INSERT INTO Conteudo VALUES ('SORA KEYS'								,9.90,	0,'Novas keys para Sora'					,'KINGDOM HEARTS 2');
INSERT INTO Conteudo VALUES ('CHRONO CROSS EXPANSION PACK'				,9.90,	0,'Pacote de expansao'	,'CHRONO CROSS');
INSERT INTO Conteudo VALUES ('CHRONO TRIGGER EXPANSION PACK'			,9.90,	0,'Pacote de expansao'	,'CHRONO TRIGGER');
INSERT INTO Conteudo VALUES ('SUPER MARIO GALAXY EXPANSION PACK'		,9.90,	0,'Pacote de expansao'	,'SUPER MARIO GALAXY');

INSERT INTO Legenda VALUES ('JAP','JAPONES');
INSERT INTO Legenda VALUES ('ENG','INGLES');
INSERT INTO Legenda VALUES ('BRA','PORTUGUES-BRASIL');
INSERT INTO Legenda VALUES ('POR','PORTUGUES');
INSERT INTO Legenda VALUES ('FRA','FRANCES');
INSERT INTO Legenda VALUES ('ALE','ALEMAO');
INSERT INTO Legenda VALUES ('ITA','ITALIANO');
INSERT INTO Legenda VALUES ('ESP','ESPANHOL');

INSERT INTO Linguagem VALUES ('JAP','JAPONES');
INSERT INTO Linguagem VALUES ('ENG','INGLES');
INSERT INTO Linguagem VALUES ('BRA','PORTUGUES-BRASIL');
INSERT INTO Linguagem VALUES ('POR','PORTUGUES');
INSERT INTO Linguagem VALUES ('FRA','FRANCES');
INSERT INTO Linguagem VALUES ('ALE','ALEMAO');
INSERT INTO Linguagem VALUES ('ITA','ITALIANO');
INSERT INTO Linguagem VALUES ('ESP','ESPANHOL');

INSERT INTO Genero VALUES ('ESP'	,'ESPORTE');
INSERT INTO Genero VALUES ('RPG'	,'ROLE-PLAYING GAME');
INSERT INTO Genero VALUES ('ACAO'	,'ACAO');
INSERT INTO Genero VALUES ('TIRO'	,'TIRO');
INSERT INTO Genero VALUES ('INF'	,'INFANTIL');
INSERT INTO Genero VALUES ('AVENT'	,'AVENTURA');
INSERT INTO Genero VALUES ('CORR'	,'CORRIDA');
INSERT INTO Genero VALUES ('ESTR'	,'ESTRATEGIA');
INSERT INTO Genero VALUES ('SIM'	,'SIMULACAO');

INSERT INTO GenerosJogo VALUES ('FIFA 14','ESP');
INSERT INTO GenerosJogo VALUES ('FINAL FANTASY VII','RPG');
INSERT INTO GenerosJogo VALUES ('FINAL FANTASY VII','ACAO');
INSERT INTO GenerosJogo VALUES ('F1 2013','CORR');
INSERT INTO GenerosJogo VALUES ('TOMB RAIDER','ACAO');
INSERT INTO GenerosJogo VALUES ('TOMB RAIDER','AVENT');
INSERT INTO GenerosJogo VALUES ('SUPER MARIO BROS','ACAO');
INSERT INTO GenerosJogo VALUES ('SUPER MARIO BROS','AVENT');
INSERT INTO GenerosJogo VALUES ('NEED FOR SPEED: MOST WANTED','CORR');
INSERT INTO GenerosJogo VALUES ('NEED FOR SPEED: MOST WANTED','ACAO');
INSERT INTO GenerosJogo VALUES ('MEGAMAN X 7','ACAO');
INSERT INTO GenerosJogo VALUES ('DEVIL MAY CRY','RPG');
INSERT INTO GenerosJogo VALUES ('DEVIL MAY CRY','ACAO');
INSERT INTO GenerosJogo VALUES ('STREET FIGHTER X TEKKEN','ACAO');
INSERT INTO GenerosJogo VALUES ('FINAL FANTASY X','RPG');
INSERT INTO GenerosJogo VALUES ('FINAL FANTASY X','ACAO');
INSERT INTO GenerosJogo VALUES ('KINGDOM HEARTS 2','RPG');
INSERT INTO GenerosJogo VALUES ('KINGDOM HEARTS 2','ACAO');
INSERT INTO GenerosJogo VALUES ('CASTLEVANIA: ARIA OF SORROW','ACAO');
INSERT INTO GenerosJogo VALUES ('THE LEGEND OF ZELDA: A LINK TO THE PAST','ACAO');
INSERT INTO GenerosJogo VALUES ('THE LEGEND OF ZELDA: A LINK TO THE PAST','ESTR');
INSERT INTO GenerosJogo VALUES ('THE LEGEND OF ZELDA: A LINK TO THE PAST','RPG');
INSERT INTO GenerosJogo VALUES ('THE LEGEND OF ZELDA: THE MINISH CAP','ACAO');
INSERT INTO GenerosJogo VALUES ('THE LEGEND OF ZELDA: THE MINISH CAP','ESTR');
INSERT INTO GenerosJogo VALUES ('THE LEGEND OF ZELDA: THE MINISH CAP','RPG');
INSERT INTO GenerosJogo VALUES ('POKEMON RUBY','RPG');
INSERT INTO GenerosJogo VALUES ('SONIC ADVANCE','ACAO');
INSERT INTO GenerosJogo VALUES ('FINAL FANTASY TACTICS ADVANCE','RPG');
INSERT INTO GenerosJogo VALUES ('FINAL FANTASY TACTICS ADVANCE','ACAO');
INSERT INTO GenerosJogo VALUES ('MARIO KART: SUPER CIRCUIT','CORR');
INSERT INTO GenerosJogo VALUES ('MEGA MAN ZERO','ACAO');
INSERT INTO GenerosJogo VALUES ('SUPER MARIO WORLD','RPG');
INSERT INTO GenerosJogo VALUES ('THE LAST OF US','ACAO');
INSERT INTO GenerosJogo VALUES ('CHRONO CROSS','RPG');
INSERT INTO GenerosJogo VALUES ('CHRONO CROSS','ESTR');
INSERT INTO GenerosJogo VALUES ('CHRONO TRIGGER','RPG');
INSERT INTO GenerosJogo VALUES ('CHRONO TRIGGER','ESTR');
INSERT INTO GenerosJogo VALUES ('DONKEY KONG COUNTRY','ACAO');
INSERT INTO GenerosJogo VALUES ('X-MEN: MUTANT APOCALYPSE','ACAO');
INSERT INTO GenerosJogo VALUES ('POKEMON RED','RPG');
INSERT INTO GenerosJogo VALUES ('CONTRA III','ACAO');
INSERT INTO GenerosJogo VALUES ('THE LEGEND OF ZELDA: OCARINA OF TIME','ACAO');
INSERT INTO GenerosJogo VALUES ('THE LEGEND OF ZELDA: OCARINA OF TIME','ESTR');
INSERT INTO GenerosJogo VALUES ('THE LEGEND OF ZELDA: OCARINA OF TIME','RPG');
INSERT INTO GenerosJogo VALUES ('SUPER MARIO 64','ACAO');
INSERT INTO GenerosJogo VALUES ('SUPER MARIO 64','RPG');
INSERT INTO GenerosJogo VALUES ('BANJO KAZOOIE','ACAO');
INSERT INTO GenerosJogo VALUES ('SPACE STATION SILICON VALLEY','INF');
INSERT INTO GenerosJogo VALUES ('DONKEY KONG 64','ACAO');
INSERT INTO GenerosJogo VALUES ('METROID PRIME TRILOGY','ACAO');
INSERT INTO GenerosJogo VALUES ('SUPER MARIO GALAXY','ACAO');
INSERT INTO GenerosJogo VALUES ('SUPER MARIO GALAXY','RPG');

INSERT INTO LegendasJogo VALUES ('FINAL FANTASY VII'			,'ENG');
INSERT INTO LegendasJogo VALUES ('FINAL FANTASY VII'			,'ESP');
INSERT INTO LegendasJogo VALUES ('F1 2013'						,'ENG');
INSERT INTO LegendasJogo VALUES ('F1 2013'						,'BRA');
INSERT INTO LegendasJogo VALUES ('F1 2013'						,'POR');
INSERT INTO LegendasJogo VALUES ('F1 2013'						,'ITA');
INSERT INTO LegendasJogo VALUES ('F1 2013'						,'ESP');
INSERT INTO LegendasJogo VALUES ('F1 2013'						,'ALE');
INSERT INTO LegendasJogo VALUES ('F1 2013'						,'FRA');
INSERT INTO LegendasJogo VALUES ('TOMB RAIDER'					,'ENG');
INSERT INTO LegendasJogo VALUES ('SUPER MARIO BROS'				,'ENG');
INSERT INTO LegendasJogo VALUES ('NEED FOR SPEED: MOST WANTED'	,'ENG');
INSERT INTO LegendasJogo VALUES ('NEED FOR SPEED: MOST WANTED'	,'ITA');
INSERT INTO LegendasJogo VALUES ('MEGAMAN X 7'					,'ENG');
INSERT INTO LegendasJogo VALUES ('DEVIL MAY CRY'				,'JAP');
INSERT INTO LegendasJogo VALUES ('DEVIL MAY CRY'				,'ENG');
INSERT INTO LegendasJogo VALUES ('STREET FIGHTER X TEKKEN'		,'JAP');
INSERT INTO LegendasJogo VALUES ('STREET FIGHTER X TEKKEN'		,'ENG');
INSERT INTO LegendasJogo VALUES ('FINAL FANTASY X'				,'JAP');
INSERT INTO LegendasJogo VALUES ('FINAL FANTASY X'				,'ENG');
INSERT INTO LegendasJogo VALUES ('KINGDOM HEARTS 2'				,'JAP');
INSERT INTO LegendasJogo VALUES ('KINGDOM HEARTS 2'				,'ENG');
INSERT INTO LegendasJogo VALUES ('CASTLEVANIA: ARIA OF SORROW','ENG');
INSERT INTO LegendasJogo VALUES ('THE LEGEND OF ZELDA: A LINK TO THE PAST','ENG');
INSERT INTO LegendasJogo VALUES ('THE LEGEND OF ZELDA: A LINK TO THE PAST','ITA');
INSERT INTO LegendasJogo VALUES ('THE LEGEND OF ZELDA: A LINK TO THE PAST','ESP');
INSERT INTO LegendasJogo VALUES ('THE LEGEND OF ZELDA: A LINK TO THE PAST','JAP');
INSERT INTO LegendasJogo VALUES ('THE LEGEND OF ZELDA: THE MINISH CAP','ENG');
INSERT INTO LegendasJogo VALUES ('THE LEGEND OF ZELDA: THE MINISH CAP','ITA');
INSERT INTO LegendasJogo VALUES ('THE LEGEND OF ZELDA: THE MINISH CAP','ESP');
INSERT INTO LegendasJogo VALUES ('THE LEGEND OF ZELDA: THE MINISH CAP','JAP');
INSERT INTO LegendasJogo VALUES ('POKEMON RUBY','ENG');
INSERT INTO LegendasJogo VALUES ('SONIC ADVANCE','ENG');
INSERT INTO LegendasJogo VALUES ('FINAL FANTASY TACTICS ADVANCE','JAP');
INSERT INTO LegendasJogo VALUES ('FINAL FANTASY TACTICS ADVANCE','ENG');
INSERT INTO LegendasJogo VALUES ('MARIO KART: SUPER CIRCUIT','ENG');
INSERT INTO LegendasJogo VALUES ('MEGA MAN ZERO','ENG');
INSERT INTO LegendasJogo VALUES ('MEGA MAN ZERO','JAP');
INSERT INTO LegendasJogo VALUES ('SUPER MARIO WORLD','ENG');
INSERT INTO LegendasJogo VALUES ('THE LAST OF US','ENG');
INSERT INTO LegendasJogo VALUES ('CHRONO CROSS','ENG');
INSERT INTO LegendasJogo VALUES ('CHRONO CROSS','JAP');
INSERT INTO LegendasJogo VALUES ('CHRONO CROSS','ESP');
INSERT INTO LegendasJogo VALUES ('CHRONO CROSS','POR');
INSERT INTO LegendasJogo VALUES ('CHRONO TRIGGER','ENG');
INSERT INTO LegendasJogo VALUES ('CHRONO TRIGGER','JAP');
INSERT INTO LegendasJogo VALUES ('CHRONO TRIGGER','POR');
INSERT INTO LegendasJogo VALUES ('CHRONO TRIGGER','ESP');
INSERT INTO LegendasJogo VALUES ('DONKEY KONG COUNTRY','ENG');
INSERT INTO LegendasJogo VALUES ('X-MEN: MUTANT APOCALYPSE','ENG');
INSERT INTO LegendasJogo VALUES ('POKEMON RED','ENG');
INSERT INTO LegendasJogo VALUES ('CONTRA III','ENG');
INSERT INTO LegendasJogo VALUES ('THE LEGEND OF ZELDA: OCARINA OF TIME','ENG');
INSERT INTO LegendasJogo VALUES ('THE LEGEND OF ZELDA: OCARINA OF TIME','ITA');
INSERT INTO LegendasJogo VALUES ('THE LEGEND OF ZELDA: OCARINA OF TIME','ESP');
INSERT INTO LegendasJogo VALUES ('THE LEGEND OF ZELDA: OCARINA OF TIME','JAP');
INSERT INTO LegendasJogo VALUES ('SUPER MARIO 64','ENG');
INSERT INTO LegendasJogo VALUES ('SUPER MARIO 64','JAP');
INSERT INTO LegendasJogo VALUES ('BANJO KAZOOIE','ENG');
INSERT INTO LegendasJogo VALUES ('SPACE STATION SILICON VALLEY','ENG');
INSERT INTO LegendasJogo VALUES ('DONKEY KONG 64','ENG');
INSERT INTO LegendasJogo VALUES ('METROID PRIME TRILOGY','ENG');
INSERT INTO LegendasJogo VALUES ('SUPER MARIO GALAXY','ENG');
INSERT INTO LegendasJogo VALUES ('SUPER MARIO GALAXY','JAP');

INSERT INTO LinguagensJogo VALUES ('FINAL FANTASY VII'				,'ENG');
INSERT INTO LinguagensJogo VALUES ('F1 2013'						,'ENG');
INSERT INTO LinguagensJogo VALUES ('TOMB RAIDER'					,'ENG');
INSERT INTO LinguagensJogo VALUES ('SUPER MARIO BROS'				,'ENG');
INSERT INTO LinguagensJogo VALUES ('FIFA 14'						,'ENG');
INSERT INTO LinguagensJogo VALUES ('FIFA 14'						,'BRA');
INSERT INTO LinguagensJogo VALUES ('NEED FOR SPEED: MOST WANTED'	,'ENG');
INSERT INTO LinguagensJogo VALUES ('MEGAMAN X 7'					,'ENG');
INSERT INTO LinguagensJogo VALUES ('DEVIL MAY CRY'					,'ENG');
INSERT INTO LinguagensJogo VALUES ('STREET FIGHTER X TEKKEN'		,'JAP');
INSERT INTO LinguagensJogo VALUES ('FINAL FANTASY X'				,'ENG');
INSERT INTO LinguagensJogo VALUES ('KINGDOM HEARTS 2'				,'ENG');
INSERT INTO LinguagensJogo VALUES ('CASTLEVANIA: ARIA OF SORROW','ENG');
INSERT INTO LinguagensJogo VALUES ('THE LEGEND OF ZELDA: A LINK TO THE PAST','ENG');
INSERT INTO LinguagensJogo VALUES ('THE LEGEND OF ZELDA: A LINK TO THE PAST','JAP');
INSERT INTO LinguagensJogo VALUES ('THE LEGEND OF ZELDA: THE MINISH CAP','ENG');
INSERT INTO LinguagensJogo VALUES ('THE LEGEND OF ZELDA: THE MINISH CAP','JAP');
INSERT INTO LinguagensJogo VALUES ('POKEMON RUBY','ENG');
INSERT INTO LinguagensJogo VALUES ('SONIC ADVANCE','ENG');
INSERT INTO LinguagensJogo VALUES ('FINAL FANTASY TACTICS ADVANCE','JAP');
INSERT INTO LinguagensJogo VALUES ('FINAL FANTASY TACTICS ADVANCE','ENG');
INSERT INTO LinguagensJogo VALUES ('MARIO KART: SUPER CIRCUIT','ENG');
INSERT INTO LinguagensJogo VALUES ('MEGA MAN ZERO','ENG');
INSERT INTO LinguagensJogo VALUES ('MEGA MAN ZERO','JAP');
INSERT INTO LinguagensJogo VALUES ('SUPER MARIO WORLD','ENG');
INSERT INTO LinguagensJogo VALUES ('THE LAST OF US','ENG');
INSERT INTO LinguagensJogo VALUES ('CHRONO CROSS','ENG');
INSERT INTO LinguagensJogo VALUES ('CHRONO CROSS','JAP');
INSERT INTO LinguagensJogo VALUES ('CHRONO TRIGGER','ENG');
INSERT INTO LinguagensJogo VALUES ('CHRONO TRIGGER','JAP');
INSERT INTO LinguagensJogo VALUES ('DONKEY KONG COUNTRY','ENG');
INSERT INTO LinguagensJogo VALUES ('X-MEN: MUTANT APOCALYPSE','ENG');
INSERT INTO LinguagensJogo VALUES ('POKEMON RED','ENG');
INSERT INTO LinguagensJogo VALUES ('CONTRA III','ENG');
INSERT INTO LinguagensJogo VALUES ('THE LEGEND OF ZELDA: OCARINA OF TIME','ENG');
INSERT INTO LinguagensJogo VALUES ('THE LEGEND OF ZELDA: OCARINA OF TIME','JAP');
INSERT INTO LinguagensJogo VALUES ('SUPER MARIO 64','ENG');
INSERT INTO LinguagensJogo VALUES ('BANJO KAZOOIE','ENG');
INSERT INTO LinguagensJogo VALUES ('SPACE STATION SILICON VALLEY','ENG');
INSERT INTO LinguagensJogo VALUES ('DONKEY KONG 64','ENG');
INSERT INTO LinguagensJogo VALUES ('METROID PRIME TRILOGY','ENG');
INSERT INTO LinguagensJogo VALUES ('SUPER MARIO GALAXY','ENG');
INSERT INTO LinguagensJogo VALUES ('SUPER MARIO GALAXY','JAP');

-----------------------------
-- TABELA IMAGEM
-----------------------------
-- Nao feito nenhuma insercao

INSERT INTO Trofeu VALUES ('FIFA 14', 1, 'BRONZE', 'Marcar um gol em menos de 20 minutos');
INSERT INTO Trofeu VALUES ('FIFA 14', 2, 'PRATA', 'Ganhar 5 jogos seguidos.');
INSERT INTO Trofeu VALUES ('FIFA 14', 3, 'OURO', 'Ser campeão do Campeonato Ingles.');
INSERT INTO Trofeu VALUES ('F1 2013', 1, 'BRONZE', 'Ultrapassar 2 adversários na mesma corrida.');
INSERT INTO Trofeu VALUES ('F1 2013', 2, 'PRATA', 'Conseguir 6 Pole Positions no mesmo campeonato.');
INSERT INTO Trofeu VALUES ('F1 2013', 3, 'OURO', 'Conquistar o Campeonato Mundial.');
INSERT INTO Trofeu VALUES ('FINAL FANTASY VII', 1, 'BRONZE', 'Finalizar jogo.');
INSERT INTO Trofeu VALUES ('TOMB RAIDER', 1, 'BRONZE', 'Finalizar jogo.');
INSERT INTO Trofeu VALUES ('SUPER MARIO BROS', 1, 'BRONZE', 'Finalizar jogo.');
INSERT INTO Trofeu VALUES ('NEED FOR SPEED: MOST WANTED', 1, 'BRONZE', 'Finalizar jogo.');
INSERT INTO Trofeu VALUES ('NEED FOR SPEED: MOST WANTED', 2, 'PRATA', 'Liberar todos os circuitos.');
INSERT INTO Trofeu VALUES ('NEED FOR SPEED: MOST WANTED', 3, 'OURO', 'Conseguir todas as partes.');
INSERT INTO Trofeu VALUES ('MEGAMAN X 7', 1, 'OURO', 'Finalizar jogo.');
INSERT INTO Trofeu VALUES ('DEVIL MAY CRY', 1, 'OURO', 'Finalizar jogo.');
INSERT INTO Trofeu VALUES ('STREET FIGHTER X TEKKEN', 1, 'PRATA', 'Finalizar jogo uma vez.');
INSERT INTO Trofeu VALUES ('STREET FIGHTER X TEKKEN', 2, 'OURO', 'Liberar todos os personagens.');
INSERT INTO Trofeu VALUES ('FINAL FANTASY X', 1, 'BRONZE', 'Finalizar jogo.');
INSERT INTO Trofeu VALUES ('FINAL FANTASY X', 2, 'PRATA', 'Liberar todos os personagens.');
INSERT INTO Trofeu VALUES ('FINAL FANTASY X', 3, 'OURO', 'Atingir level max99.');
INSERT INTO Trofeu VALUES ('KINGDOM HEARTS 2', 1, 'BRONZE', 'Finalizar jogo.');
INSERT INTO Trofeu VALUES ('KINGDOM HEARTS 2', 2, 'PRATA', 'Finalizar jogo modo hard.');
INSERT INTO Trofeu VALUES ('KINGDOM HEARTS 2', 3, 'OURO', 'Conseguir todas as keys.');
INSERT INTO Trofeu VALUES ('CASTLEVANIA: ARIA OF SORROW', 1, 'BRONZE', 'Finalizar jogo.');
INSERT INTO Trofeu VALUES ('CASTLEVANIA: ARIA OF SORROW', 2, 'PRATA', 'Finalizar jogo modo hard.');
INSERT INTO Trofeu VALUES ('CASTLEVANIA: ARIA OF SORROW', 3, 'OURO', 'Finalizar jogo modo hard sem levar dano.');
INSERT INTO Trofeu VALUES ('THE LEGEND OF ZELDA: A LINK TO THE PAST', 1, 'BRONZE', 'Finalizar jogo.');
INSERT INTO Trofeu VALUES ('THE LEGEND OF ZELDA: A LINK TO THE PAST', 2, 'PRATA', 'Finalizar jogo com todos os recuros.');
INSERT INTO Trofeu VALUES ('THE LEGEND OF ZELDA: A LINK TO THE PAST', 3, 'OURO', 'Finalizar jogo apenas com a armadura inicial.');
INSERT INTO Trofeu VALUES ('THE LEGEND OF ZELDA: THE MINISH CAP', 1, 'BRONZE', 'Finalizar jogo.');
INSERT INTO Trofeu VALUES ('THE LEGEND OF ZELDA: THE MINISH CAP', 2, 'PRATA', 'Finalizar jogo com todos os recuros.');
INSERT INTO Trofeu VALUES ('THE LEGEND OF ZELDA: THE MINISH CAP', 3, 'OURO', 'Finalizar jogo modo hard.');
INSERT INTO Trofeu VALUES ('POKEMON RUBY', 1, 'BRONZE', 'Explorar todas as areas.');
INSERT INTO Trofeu VALUES ('POKEMON RUBY', 2, 'PRATA', 'Finalizar jogo.');
INSERT INTO Trofeu VALUES ('POKEMON RUBY', 3, 'OURO', 'Finalizar jogo com todos os pokemons.');
INSERT INTO Trofeu VALUES ('SONIC ADVANCE', 1, 'BRONZE', 'Finalizar jogo.');
INSERT INTO Trofeu VALUES ('SONIC ADVANCE', 2, 'PRATA', 'Finalizar jogo modo hard.');
INSERT INTO Trofeu VALUES ('SONIC ADVANCE', 3, 'OURO', 'Finalizar jogo coletando todas as moedas.');
INSERT INTO Trofeu VALUES ('FINAL FANTASY TACTICS ADVANCE', 1, 'OURO', 'Finalizar jogo.');
INSERT INTO Trofeu VALUES ('MARIO KART: SUPER CIRCUIT', 1, 'OURO', 'Finalizar jogo.');
INSERT INTO Trofeu VALUES ('MEGA MAN ZERO', 1, 'OURO', 'Finalizar jogo.');
INSERT INTO Trofeu VALUES ('SUPER MARIO WORLD', 1, 'OURO', 'Finalizar jogo.');
INSERT INTO Trofeu VALUES ('THE LAST OF US', 1, 'OURO', 'Finalizar jogo.');
INSERT INTO Trofeu VALUES ('CHRONO CROSS', 1, 'PRATA', 'Finalizar jogo.');
INSERT INTO Trofeu VALUES ('CHRONO CROSS', 2, 'OURO', 'Finalizar jogo com todos os finais.');
INSERT INTO Trofeu VALUES ('CHRONO TRIGGER', 1, 'PRATA', 'Finalizar jogo.');
INSERT INTO Trofeu VALUES ('CHRONO TRIGGER', 2, 'OURO', 'Finalizar jogo com todos os finais.');
INSERT INTO Trofeu VALUES ('DONKEY KONG COUNTRY', 1, 'OURO', 'Finalizar jogo.');
INSERT INTO Trofeu VALUES ('X-MEN: MUTANT APOCALYPSE', 1, 'OURO', 'Finalizar jogo.');
INSERT INTO Trofeu VALUES ('POKEMON RED', 1, 'OURO', 'Finalizar jogo.');
INSERT INTO Trofeu VALUES ('CONTRA III', 1, 'OURO', 'Finalizar jogo.');
INSERT INTO Trofeu VALUES ('THE LEGEND OF ZELDA: OCARINA OF TIME', 1, 'OURO', 'Finalizar jogo.');
INSERT INTO Trofeu VALUES ('SUPER MARIO 64', 1, 'OURO', 'Finalizar jogo.');
INSERT INTO Trofeu VALUES ('BANJO KAZOOIE', 1, 'OURO', 'Finalizar jogo.');
INSERT INTO Trofeu VALUES ('SPACE STATION SILICON VALLEY', 1, 'OURO', 'Finalizar jogo.');
INSERT INTO Trofeu VALUES ('DONKEY KONG 64', 1, 'OURO', 'Finalizar jogo.');
INSERT INTO Trofeu VALUES ('METROID PRIME TRILOGY', 1, 'OURO', 'Finalizar jogo.');
INSERT INTO Trofeu VALUES ('SUPER MARIO GALAXY', 1, 'OURO', 'Finalizar jogo.');

INSERT INTO Pais VALUES ('BRASIL');
INSERT INTO Pais VALUES ('ESTADOS UNIDOS');
INSERT INTO Pais VALUES ('INGLATERRA');
INSERT INTO Pais VALUES ('ARGENTINA');
INSERT INTO Pais VALUES ('ESPANHA');
INSERT INTO Pais VALUES ('PORTUGAL');
INSERT INTO Pais VALUES ('ALEMANHA');
INSERT INTO Pais VALUES ('FRANCA');
INSERT INTO Pais VALUES ('MEXICO');

INSERT INTO Cidade VALUES ('SAO PAULO'		,'SAO PAULO'		,'BRASIL');
INSERT INTO Cidade VALUES ('SAO CARLOS'		,'SAO PAULO'		,'BRASIL');
INSERT INTO Cidade VALUES ('RIO DE JANEIRO'	,'RIO DE JANEIRO'	,'BRASIL');
INSERT INTO Cidade VALUES ('BELO HORIZONTE'	,'MINAS GERAIS'		,'BRASIL');
INSERT INTO Cidade VALUES ('PORTO ALEGRE'	,'RIO GRANDE DO SUL','BRASIL');
INSERT INTO Cidade VALUES ('CAMPO GRANDE'	,'MATO GROSSO DO SUL','BRASIL');
INSERT INTO Cidade VALUES ('MIAMI'			,'FLORIDA'			,'ESTADOS UNIDOS');
INSERT INTO Cidade VALUES ('NOVA IORQUE'	,'NOVA IORQUE'		,'ESTADOS UNIDOS');

INSERT INTO Usuario VALUES ('53738852960','ROGER WATERS','waters@gmail.com',TO_DATE('11/10/1942','DD/MM/YYYY'),71,'INGLATERRA');
INSERT INTO Usuario VALUES ('12345678955','DAVID GILMOUR','dgilmour@gmail.com',TO_DATE('12/06/1941','DD/MM/YYYY'),73,'BRASIL');
INSERT INTO Usuario VALUES ('35783826050','NICK MASON','mason@hotmail.com',TO_DATE('29/08/1946','DD/MM/YYYY'),68,'INGLATERRA');
INSERT INTO Usuario VALUES ('78945632185','RICHARD WRIGHT','rickw@bol.com',TO_DATE('04/03/1944','DD/MM/YYYY'),70,'ESPANHA');
INSERT INTO Usuario VALUES ('74185296332','SYD BARRETT','sydsyd@gmail.com',TO_DATE('14/10/1950','DD/MM/YYYY'),63,'MEXICO');

INSERT INTO Conta VALUES ('rogerwaters','PRINCIPAL','53738852960');
INSERT INTO Conta VALUES ('gilmour2','SUBCONTA','12345678955');
INSERT INTO Conta VALUES ('mason23','PRINCIPAL','35783826050');
INSERT INTO Conta VALUES ('rickwright','SUBCONTA','78945632185');
INSERT INTO Conta VALUES ('sydb','PRINCIPAL','74185296332');

INSERT INTO Principal VALUES ('rogerwaters', 'pink', 'thewall', 'ONDE NASCEU?', 'INGLATERRA');
INSERT INTO Principal VALUES ('mason23', 'floyd', 'darkside', 'NOME DO(A) PRIMEIRO(A) PROFESSOR(A)?', 'MARIA');
INSERT INTO Principal VALUES ('sydb', 'arnold', 'astronomy', 'ONDE FEZ FACULDADE?', 'OXFORD');

INSERT INTO Subconta VALUES ('gilmour2','fender','finalcut','ONDE NASCEU?', 'INGLATERRA', 'S', 'S', 'rogerwaters');
INSERT INTO Subconta VALUES ('rickwright','mcclane','animals','NOME DO(A) PRIMEIRO(A) PROFESSOR(A)?','VERA LYNN','N','N','mason23');

INSERT INTO Empresa VALUES ('ELETRONIC ARTS','NOVA IORQUE','NOVA IORQUE');
INSERT INTO Empresa VALUES ('SQUARE ENIX','MIAMI','FLORIDA');
INSERT INTO Empresa VALUES ('UBISOFT','SAO PAULO','SAO PAULO');
INSERT INTO Empresa VALUES ('CORE DESIGN','SAO PAULO','SAO PAULO');
INSERT INTO Empresa VALUES ('NINTENDO','SAO CARLOS','SAO PAULO');
INSERT INTO Empresa VALUES ('NINTENDO DEVELOPER CO.','SAO CARLOS','SAO PAULO');
INSERT INTO Empresa VALUES ('CAPCOM','RIO DE JANEIRO','RIO DE JANEIRO');

INSERT INTO Distribuidora VALUES ('ELETRONIC ARTS', 'COREY TAYLOR', TO_DATE('11/10/1990','DD/MM/YYYY'), 'www.ea.com/dist');
INSERT INTO Distribuidora VALUES ('SQUARE ENIX', 'JOEY JORDISON', TO_DATE('20/01/1995','DD/MM/YYYY'),'www.square.com/dist');
INSERT INTO Distribuidora VALUES ('UBISOFT', 'PAUL GRAY', TO_DATE('11/05/1998','DD/MM/YYYY'),'www.ubisoft.com.br/dist');
INSERT INTO Distribuidora VALUES ('NINTENDO', 'ADAHMS MITH', TO_DATE('13/05/1997','DD/MM/YYYY'),'www.nintendo.com/dist');

INSERT INTO Desenvolvedora VALUES ('ELETRONIC ARTS', 'JAMES ROOT',TO_DATE('11/10/1990','DD/MM/YYYY'),'www.ea.com/dev');
INSERT INTO Desenvolvedora VALUES ('SQUARE ENIX', 'SHAWN CRAHAN', TO_DATE('17/06/2002','DD/MM/YYYY'),'www.square.com;dev');
INSERT INTO Desenvolvedora VALUES ('UBISOFT', 'CHRIS FEHN', TO_DATE('29/10/1999','DD/MM/YYYY'),'www.ubisoft.com.br/dev');
INSERT INTO Desenvolvedora VALUES ('CORE DESIGN', 'KEY MAD', TO_DATE('30/09/2001','DD/MM/YYYY'),'www.coredesing.com');
INSERT INTO Desenvolvedora VALUES ('NINTENDO DEVELOPER CO.', 'JHON SHELDON', TO_DATE('21/12/2001','DD/MM/YYYY'),'www.nintendo.com/dev');
INSERT INTO Desenvolvedora VALUES ('CAPCOM', 'CHRIS JAY', TO_DATE('05/04/1997','DD/MM/YYYY'),'www.capcom.jp');

INSERT INTO Fundador VALUES ('MICK THOMSON','ELETRONIC ARTS');
INSERT INTO Fundador VALUES ('SID WILSON', 'SQUARE ENIX');
INSERT INTO Fundador VALUES ('CRAIG JONES','UBISOFT');
INSERT INTO Fundador VALUES ('WILL SMITH','CORE DESIGN');
INSERT INTO Fundador VALUES ('JOHN THOMPSON', 'NINTENDO');
INSERT INTO Fundador VALUES ('M. J.','NINTENDO DEVELOPER CO.');
INSERT INTO Fundador VALUES ('RUFFUS TANNENBAUM','CAPCOM');

INSERT INTO CartaoDeCredito VALUES ('1234567898765412', 'ROGER WATERS', 'VISA', TO_DATE('06/2016','MM/YYYY'),'rogerwaters');
INSERT INTO CartaoDeCredito VALUES ('9876541254123698', 'NICK MASON', 'MASTER', TO_DATE('09/2017','MM/YYYY'),'mason23');
INSERT INTO CartaoDeCredito VALUES ('3548421596875133', 'SYD BARRETT', 'AMERICAN', TO_DATE('04/2018','MM/YYYY'),'sydb');

INSERT INTO Compra VALUES (1, TO_DATE('04/05/2014','DD/MM/YYYY'), 199.89, 'rogerwaters');
INSERT INTO Compra VALUES (2, TO_DATE('19/05/2014','DD/MM/YYYY'), 29.90, 'rogerwaters');
INSERT INTO Compra VALUES (3, TO_DATE('20/05/2014','DD/MM/YYYY'), 200.00,'rogerwaters'); 
INSERT INTO Compra VALUES (4, TO_DATE('21/05/2014','DD/MM/YYYY'), 159.79, 'mason23'); 
INSERT INTO Compra VALUES (5, TO_DATE('21/05/2014','DD/MM/YYYY'), 79.90, 'sydb'); 
INSERT INTO Compra VALUES (6, TO_DATE('24/05/2014','DD/MM/YYYY'), 99.60, 'mason23'); 
INSERT INTO Compra VALUES (7, TO_DATE('27/05/2014','DD/MM/YYYY'), 9.90, 'rogerwaters'); 
INSERT INTO Compra VALUES (8, TO_DATE('27/05/2014','DD/MM/YYYY'), 86.90, 'mason23'); 
INSERT INTO Compra VALUES (9, TO_DATE('29/05/2014','DD/MM/YYYY'), 79.90, 'sydb'); 
INSERT INTO Compra VALUES (10, TO_DATE('30/06/2014','DD/MM/YYYY'), 39.90, 'rogerwaters'); 
INSERT INTO Compra VALUES (11, TO_DATE('06/06/2014','DD/MM/YYYY'), 39.90, 'mason23'); 
INSERT INTO Compra VALUES (12, TO_DATE('09/06/2014','DD/MM/YYYY'), 69.90, 'rogerwaters'); 
INSERT INTO Compra VALUES (13, TO_DATE('12/06/2014','DD/MM/YYYY'), 19.90, 'mason23'); 
INSERT INTO Compra VALUES (14, TO_DATE('12/06/2014','DD/MM/YYYY'), 49.90, 'sydb'); 
INSERT INTO Compra VALUES (15, TO_DATE('20/06/2014','DD/MM/YYYY'), 9.90, 'rogerwaters'); 

INSERT INTO Item VALUES (1,'FIFA 14',129.99,1);
INSERT INTO Item VALUES (1,'PACOTE OURO',69.90,1);
INSERT INTO Item VALUES (2,'FINAL FANTASY VII',29.90,1);
INSERT INTO Item VALUES (3,'F1 2013',100.00,2);
INSERT INTO Item VALUES (4,'FIFA 14',129.99,1);
INSERT INTO Item VALUES (4,'LIONEL MESSI',9.90,1);
INSERT INTO Item VALUES (4,'SUPER MARIO BROS',19.90,1);
INSERT INTO Item VALUES (5,'TOMB RAIDER',79.90,1);
INSERT INTO Item VALUES (6,'NEED FOR SPEED: MOST WANTED',49.90,1);
INSERT INTO Item VALUES (6,'MEGAMAN X 7',19.90,1);
INSERT INTO Item VALUES (6,'CHRONO TRIGGER',19.90,1);
INSERT INTO Item VALUES (6,'CHRONO TRIGGER EXPANSION PACK',9.90,1);
INSERT INTO Item VALUES (7,'THE LEGEND OF ZELDA: OCARINA OF TIME',9.90,1);
INSERT INTO Item VALUES (8,'STREET FIGHTER X TEKKEN',86.90,1);
INSERT INTO Item VALUES (9,'TOMB RAIDER',79.90,1);
INSERT INTO Item VALUES (10,'POKEMON RUBY',39.90,1);
INSERT INTO Item VALUES (11,'DONKEY KONG COUNTRY',39.90,1);
INSERT INTO Item VALUES (12,'KINGDOM HEARTS 2',60.00,1);
INSERT INTO Item VALUES (12,'SORA KEYS',9.90,1);
INSERT INTO Item VALUES (13,'SUPER MARIO BROS',19.90,1);
INSERT INTO Item VALUES (14,'CHRONO CROSS',49.90,	1);
INSERT INTO Item VALUES (15,'CONTRA III',9.90,1);

INSERT INTO Serial VALUES ('12ASD56ERA236EFE',1,'FIFA 14');
INSERT INTO Serial VALUES ('236SDFDDKMEA456D',2,'FINAL FANTASY VII');
INSERT INTO Serial VALUES ('12DADFADFLDNFLE2',3,'F1 2013');
INSERT INTO Serial VALUES ('JDMNAE093KDK382J',3,'F1 2013');
INSERT INTO Serial VALUES ('DAFDF870FDNADD88',4,'FIFA 14');
INSERT INTO Serial VALUES ('JDJDMA93KD94KDMR',4,'SUPER MARIO BROS');
INSERT INTO Serial VALUES ('DAJKFDNA89U342NF',5,'TOMB RAIDER');
INSERT INTO Serial VALUES ('7EY38EHRPHPEL5Q6',5,'TOMB RAIDER');
INSERT INTO Serial VALUES ('SJDSAZFDW9Z42MB5',6,'NEED FOR SPEED: MOST WANTED');
INSERT INTO Serial VALUES ('8KHRZMVYQUS6FRQD',6,'MEGAMAN X 7');
INSERT INTO Serial VALUES ('BCZVRSY8UPXHCAQM',6,'CHRONO TRIGGER');
INSERT INTO Serial VALUES ('VYW4K6Q66EMXHB2F',7,'THE LEGEND OF ZELDA: OCARINA OF TIME');
INSERT INTO Serial VALUES ('THUC7YPLQ8VUVBZ9',8,'STREET FIGHTER X TEKKEN');
INSERT INTO Serial VALUES ('ZARP6FNQ8PCDTYJX',9,'TOMB RAIDER');
INSERT INTO Serial VALUES ('JL3XAAF4G3ES5T46',10,'POKEMON RUBY');
INSERT INTO Serial VALUES ('NZY7P2K84P3URL47',11,'DONKEY KONG COUNTRY');
INSERT INTO Serial VALUES ('SE8QLMH4UXXAU8EK',12,'KINGDOM HEARTS 2');
INSERT INTO Serial VALUES ('26EF5S46HCBWNW8Y',13,'SUPER MARIO BROS');
INSERT INTO Serial VALUES ('A3ZJ4K86427HE8HQ',14,'CHRONO CROSS');
INSERT INTO Serial VALUES ('BEFFPDCB944PBP6S',15,'CONTRA III');

INSERT INTO Usa VALUES ('FIFA 14', 'PLAYSTATION','2');
INSERT INTO Usa VALUES ('FIFA 14', 'PLAYSTATION','VITA');
INSERT INTO Usa VALUES ('FIFA 14', 'XBOX', '360');
INSERT INTO Usa VALUES ('FIFA 14', 'XBOX', 'ONE');
INSERT INTO Usa VALUES ('FINAL FANTASY VII', 'PLAYSTATION', '1');
INSERT INTO Usa VALUES ('F1 2013', 'XBOX','360');
INSERT INTO Usa VALUES ('F1 2013', 'XBOX', 'ONE');
INSERT INTO Usa VALUES ('TOMB RAIDER', 'PLAYSTATION', '1');
INSERT INTO Usa VALUES ('TOMB RAIDER', 'PLAYSTATION', 'PORTATIL');
INSERT INTO Usa VALUES ('SUPER MARIO BROS', 'XBOX','360');
INSERT INTO Usa VALUES ('SUPER MARIO BROS', 'PLAYSTATION', 'VITA');
INSERT INTO Usa VALUES ('NEED FOR SPEED: MOST WANTED', 'PLAYSTATION', '2');
INSERT INTO Usa VALUES ('MEGAMAN X 7', 'PLAYSTATION', '2');
INSERT INTO Usa VALUES ('DEVIL MAY CRY', 'PLAYSTATION', '2');
INSERT INTO Usa VALUES ('STREET FIGHTER X TEKKEN', 'PLAYSTATION', '2');
INSERT INTO Usa VALUES ('STREET FIGHTER X TEKKEN', 'PLAYSTATION', 'VITA');
INSERT INTO Usa VALUES ('FINAL FANTASY X', 'PLAYSTATION', '2');
INSERT INTO Usa VALUES ('KINGDOM HEARTS 2', 'PLAYSTATION', '2');
INSERT INTO Usa VALUES ('CASTLEVANIA: ARIA OF SORROW', 'GAME BOY', 'ADVANCE');
INSERT INTO Usa VALUES ('THE LEGEND OF ZELDA: A LINK TO THE PAST', 'GAME BOY', 'ADVANCE');
INSERT INTO Usa VALUES ('THE LEGEND OF ZELDA: THE MINISH CAP', 'GAME BOY', 'ADVANCE');
INSERT INTO Usa VALUES ('POKEMON RUBY', 'GAME BOY', 'ADVANCE');
INSERT INTO Usa VALUES ('SONIC ADVANCE', 'GAME BOY', 'ADVANCE');
INSERT INTO Usa VALUES ('FINAL FANTASY TACTICS ADVANCE', 'GAME BOY', 'ADVANCE');
INSERT INTO Usa VALUES ('MARIO KART: SUPER CIRCUIT', 'GAME BOY', 'ADVANCE');
INSERT INTO Usa VALUES ('MEGA MAN ZERO', 'GAME BOY', 'ADVANCE');
INSERT INTO Usa VALUES ('SUPER MARIO WORLD', 'GAME BOY', 'ADVANCE');
INSERT INTO Usa VALUES ('SUPER MARIO WORLD', 'NINTENDO', 'SUPER');
INSERT INTO Usa VALUES ('THE LAST OF US', 'PLAYSTATION', '3');
INSERT INTO Usa VALUES ('CHRONO CROSS', 'PLAYSTATION', '1');
INSERT INTO Usa VALUES ('CHRONO TRIGGER', 'PLAYSTATION', '1');
INSERT INTO Usa VALUES ('CHRONO TRIGGER', 'NINTENDO', 'SUPER');
INSERT INTO Usa VALUES ('DONKEY KONG COUNTRY', 'NINTENDO', 'SUPER');
INSERT INTO Usa VALUES ('DONKEY KONG COUNTRY', 'NINTENDO', '64');
INSERT INTO Usa VALUES ('X-MEN: MUTANT APOCALYPSE', 'NINTENDO', 'SUPER');
INSERT INTO Usa VALUES ('POKEMON RED', 'GAME BOY', 'COLOR');
INSERT INTO Usa VALUES ('CONTRA III', 'NINTENDO', 'SUPER');
INSERT INTO Usa VALUES ('THE LEGEND OF ZELDA: OCARINA OF TIME', 'NINTENDO', '64');
INSERT INTO Usa VALUES ('SUPER MARIO 64', 'NINTENDO', '64');
INSERT INTO Usa VALUES ('BANJO KAZOOIE', 'PLAYSTATION', '3');
INSERT INTO Usa VALUES ('SPACE STATION SILICON VALLEY', 'NINTENDO', '64');
INSERT INTO Usa VALUES ('DONKEY KONG 64', 'NINTENDO', '64');
INSERT INTO Usa VALUES ('METROID PRIME TRILOGY', 'NINTENDO', 'WII');
INSERT INTO Usa VALUES ('SUPER MARIO GALAXY', 'NINTENDO', 'WII');

INSERT INTO Distribui VALUES ('ELETRONIC ARTS', 'FIFA 14');
INSERT INTO Distribui VALUES ('ELETRONIC ARTS','F1 2013');
INSERT INTO Distribui VALUES ('SQUARE ENIX', 'FINAL FANTASY VII');
INSERT INTO Distribui VALUES ('UBISOFT', 'TOMB RAIDER');
INSERT INTO Distribui VALUES ('NINTENDO', 'SUPER MARIO BROS');
INSERT INTO Distribui VALUES ('ELETRONIC ARTS', 'NEED FOR SPEED: MOST WANTED');
INSERT INTO Distribui VALUES ('NINTENDO', 'MEGAMAN X 7');
INSERT INTO Distribui VALUES ('UBISOFT', 'DEVIL MAY CRY');
INSERT INTO Distribui VALUES ('UBISOFT', 'STREET FIGHTER X TEKKEN');
INSERT INTO Distribui VALUES ('SQUARE ENIX', 'FINAL FANTASY X');
INSERT INTO Distribui VALUES ('SQUARE ENIX', 'KINGDOM HEARTS 2');
INSERT INTO Distribui VALUES ('UBISOFT', 'CASTLEVANIA: ARIA OF SORROW');
INSERT INTO Distribui VALUES ('SQUARE ENIX', 'THE LEGEND OF ZELDA: A LINK TO THE PAST');
INSERT INTO Distribui VALUES ('SQUARE ENIX', 'THE LEGEND OF ZELDA: THE MINISH CAP');
INSERT INTO Distribui VALUES ('UBISOFT', 'POKEMON RUBY');
INSERT INTO Distribui VALUES ('UBISOFT', 'SONIC ADVANCE');
INSERT INTO Distribui VALUES ('SQUARE ENIX', 'FINAL FANTASY TACTICS ADVANCE');
INSERT INTO Distribui VALUES ('NINTENDO', 'MARIO KART: SUPER CIRCUIT');
INSERT INTO Distribui VALUES ('NINTENDO', 'MEGA MAN ZERO');
INSERT INTO Distribui VALUES ('NINTENDO', 'SUPER MARIO WORLD');
INSERT INTO Distribui VALUES ('UBISOFT', 'THE LAST OF US');
INSERT INTO Distribui VALUES ('SQUARE ENIX', 'CHRONO CROSS');
INSERT INTO Distribui VALUES ('SQUARE ENIX', 'CHRONO TRIGGER');
INSERT INTO Distribui VALUES ('NINTENDO', 'DONKEY KONG COUNTRY');
INSERT INTO Distribui VALUES ('UBISOFT', 'X-MEN: MUTANT APOCALYPSE');
INSERT INTO Distribui VALUES ('NINTENDO', 'POKEMON RED');
INSERT INTO Distribui VALUES ('UBISOFT', 'CONTRA III');
INSERT INTO Distribui VALUES ('NINTENDO', 'THE LEGEND OF ZELDA: OCARINA OF TIME');
INSERT INTO Distribui VALUES ('NINTENDO', 'SUPER MARIO 64');
INSERT INTO Distribui VALUES ('UBISOFT', 'BANJO KAZOOIE');
INSERT INTO Distribui VALUES ('UBISOFT', 'SPACE STATION SILICON VALLEY');
INSERT INTO Distribui VALUES ('NINTENDO', 'DONKEY KONG 64');
INSERT INTO Distribui VALUES ('UBISOFT', 'METROID PRIME TRILOGY');
INSERT INTO Distribui VALUES ('NINTENDO', 'SUPER MARIO GALAXY');

INSERT INTO Desenvolve VALUES ('ELETRONIC ARTS', 'FIFA 14');
INSERT INTO Desenvolve VALUES ('ELETRONIC ARTS','F1 2013');
INSERT INTO Desenvolve VALUES ('SQUARE ENIX', 'FINAL FANTASY VII');
INSERT INTO Desenvolve VALUES ('CORE DESIGN', 'TOMB RAIDER');
INSERT INTO Desenvolve VALUES ('UBISOFT','SUPER MARIO BROS');
INSERT INTO Desenvolve VALUES ('ELETRONIC ARTS', 'NEED FOR SPEED: MOST WANTED');
INSERT INTO Desenvolve VALUES ('CAPCOM', 'MEGAMAN X 7');
INSERT INTO Desenvolve VALUES ('UBISOFT', 'DEVIL MAY CRY');
INSERT INTO Desenvolve VALUES ('UBISOFT', 'STREET FIGHTER X TEKKEN');
INSERT INTO Desenvolve VALUES ('SQUARE ENIX', 'FINAL FANTASY X');
INSERT INTO Desenvolve VALUES ('SQUARE ENIX', 'KINGDOM HEARTS 2');
INSERT INTO Desenvolve VALUES ('UBISOFT', 'CASTLEVANIA: ARIA OF SORROW');
INSERT INTO Desenvolve VALUES ('SQUARE ENIX', 'THE LEGEND OF ZELDA: A LINK TO THE PAST');
INSERT INTO Desenvolve VALUES ('SQUARE ENIX', 'THE LEGEND OF ZELDA: THE MINISH CAP');
INSERT INTO Desenvolve VALUES ('UBISOFT', 'POKEMON RUBY');
INSERT INTO Desenvolve VALUES ('UBISOFT', 'SONIC ADVANCE');
INSERT INTO Desenvolve VALUES ('SQUARE ENIX', 'FINAL FANTASY TACTICS ADVANCE');
INSERT INTO Desenvolve VALUES ('NINTENDO DEVELOPER CO.', 'MARIO KART: SUPER CIRCUIT');
INSERT INTO Desenvolve VALUES ('CAPCOM', 'MEGA MAN ZERO');
INSERT INTO Desenvolve VALUES ('NINTENDO DEVELOPER CO.', 'SUPER MARIO WORLD');
INSERT INTO Desenvolve VALUES ('UBISOFT', 'THE LAST OF US');
INSERT INTO Desenvolve VALUES ('SQUARE ENIX', 'CHRONO CROSS');
INSERT INTO Desenvolve VALUES ('SQUARE ENIX', 'CHRONO TRIGGER');
INSERT INTO Desenvolve VALUES ('NINTENDO DEVELOPER CO.', 'DONKEY KONG COUNTRY');
INSERT INTO Desenvolve VALUES ('UBISOFT', 'X-MEN: MUTANT APOCALYPSE');
INSERT INTO Desenvolve VALUES ('NINTENDO DEVELOPER CO.', 'POKEMON RED');
INSERT INTO Desenvolve VALUES ('UBISOFT', 'CONTRA III');
INSERT INTO Desenvolve VALUES ('NINTENDO DEVELOPER CO.', 'THE LEGEND OF ZELDA: OCARINA OF TIME');
INSERT INTO Desenvolve VALUES ('NINTENDO DEVELOPER CO.', 'SUPER MARIO 64');
INSERT INTO Desenvolve VALUES ('UBISOFT', 'BANJO KAZOOIE');
INSERT INTO Desenvolve VALUES ('UBISOFT', 'SPACE STATION SILICON VALLEY');
INSERT INTO Desenvolve VALUES ('NINTENDO DEVELOPER CO.', 'DONKEY KONG 64');
INSERT INTO Desenvolve VALUES ('UBISOFT', 'METROID PRIME TRILOGY');
INSERT INTO Desenvolve VALUES ('NINTENDO DEVELOPER CO.', 'SUPER MARIO GALAXY');

INSERT INTO Conquista VALUES ('rogerwaters','FIFA 14',1,TO_DATE('12/07/2014','DD/MM/YYYY'));
INSERT INTO Conquista VALUES ('rogerwaters','FIFA 14',2,TO_DATE('12/07/2014','DD/MM/YYYY'));
INSERT INTO Conquista VALUES ('gilmour2','FIFA 14',3,TO_DATE('20/07/2014','DD/MM/YYYY'));
INSERT INTO Conquista VALUES ('gilmour2','F1 2013',1,TO_DATE('20/07/2014','DD/MM/YYYY'));
INSERT INTO Conquista VALUES ('mason23','FIFA 14',3,TO_DATE('26/07/2014','DD/MM/YYYY'));
INSERT INTO Conquista VALUES ('mason23','CHRONO CROSS',1,TO_DATE('29/07/2014','DD/MM/YYYY'));
INSERT INTO Conquista VALUES ('mason23','CHRONO CROSS',2,TO_DATE('29/07/2014','DD/MM/YYYY'));

INSERT INTO Relaciona VALUES ('rogerwaters','gilmour2',TO_DATE('10/07/2014','DD/MM/YYYY'),TO_DATE('12/07/2014','DD/MM/YYYY'));
INSERT INTO Relaciona VALUES ('rogerwaters','sydb',TO_DATE('22/07/2014','DD/MM/YYYY'),TO_DATE('25/07/2014','DD/MM/YYYY'));
INSERT INTO Relaciona VALUES ('mason23','rogerwaters',TO_DATE('25/07/2014','DD/MM/YYYY'),TO_DATE('25/07/2014','DD/MM/YYYY'));
INSERT INTO Relaciona VALUES ('gilmour2','sydb',TO_DATE('10/07/2014','DD/MM/YYYY'),TO_DATE('19/07/2014','DD/MM/YYYY'));
INSERT INTO Relaciona VALUES ('mason23','sydb',TO_DATE('25/07/2014','DD/MM/YYYY'),TO_DATE('25/07/2014','DD/MM/YYYY'));
INSERT INTO Relaciona VALUES ('gilmour2','mason23',TO_DATE('10/07/2014','DD/MM/YYYY'),NULL);

INSERT INTO Desrelaciona VALUES ('sydb','rogerwaters',TO_DATE('22/08/2014','DD/MM/YYYY'));
INSERT INTO Desrelaciona VALUES ('gilmour2','rogerwaters',TO_DATE('22/08/2014','DD/MM/YYYY'));

INSERT INTO Cadastro VALUES ('rogerwaters','XBOX','ONE',1);
INSERT INTO Cadastro VALUES ('rogerwaters','PLAYSTATION','1',1);
INSERT INTO Cadastro VALUES ('rogerwaters','PLAYSTATION','2',1);
INSERT INTO Cadastro VALUES ('rogerwaters','NINTENDO','64',1);
INSERT INTO Cadastro VALUES ('rogerwaters','NINTENDO','SUPER',1);
INSERT INTO Cadastro VALUES ('rogerwaters','GAME BOY','ADVANCE',1);
INSERT INTO Cadastro VALUES ('gilmour2','XBOX','ONE',1);
INSERT INTO Cadastro VALUES ('gilmour2','PLAYSTATION','1',1);
INSERT INTO Cadastro VALUES ('gilmour2','PLAYSTATION','2',1);
INSERT INTO Cadastro VALUES ('mason23','PLAYSTATION','VITA',1);
INSERT INTO Cadastro VALUES ('mason23','PLAYSTATION','2',1);
INSERT INTO Cadastro VALUES ('mason23','NINTENDO','SUPER',1);
INSERT INTO Cadastro VALUES ('sydb','PLAYSTATION','PORTATIL',1);
INSERT INTO Cadastro VALUES ('sydb','PLAYSTATION','1',1);
INSERT INTO Cadastro VALUES ('sydb','PLAYSTATION','2',1);
INSERT INTO Cadastro VALUES ('rickwright','PLAYSTATION','VITA',2);
INSERT INTO Cadastro VALUES ('rickwright','PLAYSTATION','2',1);

INSERT INTO Instalacao VALUES (1,'FIFA 14', 'XBOX', 'ONE', 1, '12ASD56ERA236EFE',1);
INSERT INTO Instalacao VALUES (2,'FINAL FANTASY VII','PLAYSTATION','1',1,'236SDFDDKMEA456D',1);
INSERT INTO Instalacao VALUES (3,'F1 2013','XBOX','ONE',1,'12DADFADFLDNFLE2',1);
INSERT INTO Instalacao VALUES (4,'FIFA 14','PLAYSTATION','VITA',1,'DAFDF870FDNADD88',1);
INSERT INTO Instalacao VALUES (4,'SUPER MARIO BROS','PLAYSTATION','VITA',1,'JDJDMA93KD94KDMR',1);
INSERT INTO Instalacao VALUES (5,'TOMB RAIDER','PLAYSTATION','PORTATIL',1,'DAJKFDNA89U342NF',1);
INSERT INTO Instalacao VALUES (6,'NEED FOR SPEED: MOST WANTED', 'PLAYSTATION', '2', 1, 'SJDSAZFDW9Z42MB5',1);
INSERT INTO Instalacao VALUES (6,'MEGAMAN X 7',  'PLAYSTATION', '2', 1, '8KHRZMVYQUS6FRQD',1);
INSERT INTO Instalacao VALUES (7,'THE LEGEND OF ZELDA: OCARINA OF TIME', 'NINTENDO', '64', 1, 'VYW4K6Q66EMXHB2F',1);
INSERT INTO Instalacao VALUES (8,'STREET FIGHTER X TEKKEN', 'PLAYSTATION', '2', 1, 'THUC7YPLQ8VUVBZ9',1);
INSERT INTO Instalacao VALUES (9,'TOMB RAIDER', 'PLAYSTATION','PORTATIL', 1, 'ZARP6FNQ8PCDTYJX',1);
INSERT INTO Instalacao VALUES (10,'POKEMON RUBY', 'GAME BOY', 'ADVANCE', 1, 'JL3XAAF4G3ES5T46',1);
INSERT INTO Instalacao VALUES (11,'DONKEY KONG COUNTRY', 'NINTENDO', 'SUPER', 1, 'NZY7P2K84P3URL47',1);
INSERT INTO Instalacao VALUES (12,'KINGDOM HEARTS 2', 'PLAYSTATION', '2', 1, 'SE8QLMH4UXXAU8EK',1);
INSERT INTO Instalacao VALUES (13,'SUPER MARIO BROS', 'PLAYSTATION', 'VITA', 1, '26EF5S46HCBWNW8Y',1);
INSERT INTO Instalacao VALUES (14,'CHRONO CROSS', 'PLAYSTATION', '1', 1, 'A3ZJ4K86427HE8HQ',1);
INSERT INTO Instalacao VALUES (15,'CONTRA III', 'NINTENDO', 'SUPER', 1, 'BEFFPDCB944PBP6S',1);

INSERT INTO Joga VALUES ('rogerwaters','XBOX','ONE',1,1,'FIFA 14', 'XBOX', 'ONE', 1, '12ASD56ERA236EFE',1,TO_DATE('12/07/2014 09:30:00','DD/MM/YYYY HH24:MI:SS'),124);
INSERT INTO Joga VALUES ('rogerwaters','XBOX','ONE',1,1,'FIFA 14', 'XBOX', 'ONE', 1, '12ASD56ERA236EFE',1,TO_DATE('12/07/2014 11:55:00','DD/MM/YYYY HH24:MI:SS'),24);
INSERT INTO Joga VALUES ('gilmour2','XBOX','ONE',1,1,'FIFA 14', 'XBOX', 'ONE', 1, '12ASD56ERA236EFE',1,TO_DATE('15/07/2014 16:55:00','DD/MM/YYYY HH24:MI:SS'),204);
INSERT INTO Joga VALUES ('mason23','PLAYSTATION','VITA',1,4,'FIFA 14','PLAYSTATION','VITA',1,'DAFDF870FDNADD88',1,TO_DATE('12/07/2014 14:30:00','DD/MM/YYYY HH24:MI:SS'),160);
INSERT INTO Joga VALUES ('mason23','PLAYSTATION','VITA',1,4,'FIFA 14','PLAYSTATION','VITA',1,'DAFDF870FDNADD88',1,TO_DATE('12/07/2014 22:30:00','DD/MM/YYYY HH24:MI:SS'),60);
INSERT INTO Joga VALUES ('mason23','PLAYSTATION','VITA',1,4,'SUPER MARIO BROS','PLAYSTATION','VITA',1,'JDJDMA93KD94KDMR',1,TO_DATE('16/07/2014 19:23:00','DD/MM/YYYY HH24:MI:SS'),132);
INSERT INTO Joga VALUES ('sydb','PLAYSTATION','PORTATIL',1,5,'TOMB RAIDER','PLAYSTATION','PORTATIL',1,'DAJKFDNA89U342NF',1,TO_DATE('13/07/2014 12:29:00','DD/MM/YYYY HH24:MI:SS'),232);
INSERT INTO Joga VALUES ('sydb','PLAYSTATION','PORTATIL',1,5,'TOMB RAIDER','PLAYSTATION','PORTATIL',1,'DAJKFDNA89U342NF',1,TO_DATE('14/07/2014 12:29:00','DD/MM/YYYY HH24:MI:SS'),32);
INSERT INTO Joga VALUES ('sydb','PLAYSTATION','PORTATIL',1,5,'TOMB RAIDER','PLAYSTATION','PORTATIL',1,'DAJKFDNA89U342NF',1,TO_DATE('15/07/2014 2:29:00','DD/MM/YYYY HH24:MI:SS'),63);
INSERT INTO Joga VALUES ('mason23','PLAYSTATION','2',1,6,'MEGAMAN X 7','PLAYSTATION','2',1,'8KHRZMVYQUS6FRQD',1,TO_DATE('16/07/2014 7:34:00','DD/MM/YYYY HH24:MI:SS'),209);
